{"participant":"P1","scene":"Audio","score":[],"totalButton":0,"ChangeViewToPanels":[],"ChangeViewToRobot":[],"FirstButton":[],"interpolationFeedback":[15.000800132751465,64.00086975097656,108.00089263916016,144.0033416748047,189.00318908691407,238.00271606445313,282.0032653808594,318.0074462890625,363.00885009765627,412.0129699707031,456.0152282714844,492.0155944824219,537.0145874023438,586.0139770507813,641.0164794921875,678.0189819335938,737.0149536132813,769.0128173828125,819.013671875,877.0213623046875,925.026123046875,956.0223999023438,992.0233764648438,1038.02685546875,1071.0416259765625,1105.0550537109375,1152.064697265625,1199.0726318359375,1246.0863037109375,1298.083251953125,1329.0794677734375,1365.0731201171875,1411.072998046875,1444.0723876953125,1478.073974609375,1521.07177734375,1572.065185546875,1614.0606689453125,1652.0694580078125,1695.0799560546875,1746.09326171875,1788.1258544921875,1826.1695556640625,1869.1617431640625,1920.1575927734375,1962.1759033203125,2011.2044677734375,2055.26806640625,2091.451416015625,2136.6572265625,2185.9482421875,2230.233642578125,2266.458251953125,2311.744384765625,2361.059326171875,2400.2529296875,2457.591552734375,2491.802978515625],"TimeViewingPanel":[],"TimeViewingRobot":[],"ViewingToGrabbing":[],"mistakesGrabbables":0,"correctGrabbables":0,"FeedbackToGrabbing":[],"ButtonToGrabbed":[],"GrabbedtoButton":[]}