{"participant":"P1","scene":"Audio","score":[1,2,3,4,4,5,6,7,8,8,9],"totalButton":11,"FeedbackToViewingPanels":[14.729964256286621,33.49554443359375],"FeedbackToViewingRobot":[1.212956428527832,1.8789901733398438],"ViewingToPressing":[4.407115936279297,2.5202693939208986],"FeedbackToPressing":[4.407115936279297,17.250232696533204],"ViewingToGrabbing":[],"mistakesGrabbables":0,"correctGrabbables":0,"FeedbackToGrabbing":[],"interpolationFeedback":[15.0,39.0],"ButtonToGrabbed":[],"GrabbedtoButton":[],"TimingViewingButton":[],"TimeViewingRobot":[]}