{"participant":"P1","scene":"Audio","score":[0,0,1,1,2,2,3,4,5,5,6,6,6,6,6,6,6,7,7,7,7,7,7,7,7,7,7,7,8,8,8,8,8,8,8,8,8,8,8,8,8,8,8],"totalButton":43,"FeedbackToViewingPanels":[],"FeedbackToViewingRobot":[],"ViewingToPressing":[3.839902639389038],"FeedbackToPressing":[3.839902639389038],"interpolationFeedback":[15.0,58.0,53.0,34.0,59.0,31.0,37.0,40.0,35.0,43.0,51.0,37.0,59.0,32.0,31.0,37.0,59.0,32.0,31.0,36.0,46.0,58.0,58.0,48.0,42.0,38.0],"TimeViewingPanel":[],"TimeViewingRobot":[],"ViewingToGrabbing":[],"mistakesGrabbables":0,"correctGrabbables":0,"FeedbackToGrabbing":[],"ButtonToGrabbed":[],"GrabbedtoButton":[]}