{"participant":"P4","scene":["Audio","Visual","Haptic"],"surveilance":"yes","startTime":21.312711715698243,"score":[1,2,3,4,5,6,7,8,9,9,10,11,12,12,13,14,15,16,17,17,17,18,19,20,21,22,22,23,24,24,25,26,27],"totalButton":33,"ChangeViewToPanels":[3.0858418941497804,12.695181846618653,92.9130630493164,107.3079605102539,177.86441040039063,179.20054626464845],"ChangeViewToRobot":[2.586646556854248,11.909099578857422,71.93213653564453,93.76285552978516,157.510498046875,178.47738647460938],"FirstButton":[23.458417892456056,110.17658233642578,183.9754180908203],"FirstGrabbed":[74.98380279541016,95.36260986328125,160.35060119628907],"Feedback":[70.81948852539063,93.05260467529297,156.39730834960938],"TimeViewingPanel":[2.586646556854248,8.823257446289063,59.23695373535156,0.84979248046875,50.202537536621097,0.61297607421875],"TimeViewingRobot":[0.4991953372955322,0.7860822677612305,20.980926513671876,13.54510498046875,20.353912353515626,0.7231597900390625],"CubesInGreenBoxWhenStartedLooking":[0,1,5,0,4,0],"CubesInPinkBoxWhenStartedLooking":[0,0,4,5,4,0],"mistakesClass":[0,0,0,0,0,0],"correctClass":[0,0,6,12,22,22],"GreenBoxFilled":[70.81948852539063,161.40921020507813],"PinkBoxFilled":[93.05260467529297,156.39730834960938],"GreenBoxEmptied":[87.30276489257813,175.76141357421876],"PinkBoxEmptied":[105.4421157836914,166.47593688964845]}