{"participant":"P4","scene":[],"surveilance":"yes","startTime":15.837650299072266,"score":[1,2,3,4,5,6,7,8,9,9,10,11,12,13,14,15,16,17,18,19,19,20,21,22,23,24,24,25,26,26,27,28,29,30,31,32,33,33],"totalButton":38,"ChangeViewToPanels":[3.724647283554077,46.53565979003906,71.33138275146485,97.8675308227539,152.35519409179688,156.92286682128907],"ChangeViewToRobot":[2.5207953453063967,33.47798538208008,68.89478302001953,80.15702056884766,134.71751403808595,152.85694885253907,193.80419921875],"FirstButton":[20.12638282775879,50.337303161621097,73.41918182373047,99.66144561767578,159.83131408691407],"FirstGrabbed":[36.472896575927737,81.94458770751953,55.50739288330078,71.46005249023438],"Feedback":[],"TimeViewingPanel":[2.5207953453063967,29.753337860107423,22.35912322998047,8.825637817382813,36.84998321533203,0.5017547607421875,36.88133239746094],"TimeViewingRobot":[1.2038519382476807,13.057674407958985,2.4365997314453127,17.71051025390625,17.637680053710939,4.06591796875],"CubesInGreenBoxWhenStartedLooking":[0,4,3,3,2,1,2],"CubesInPinkBoxWhenStartedLooking":[0,1,2,4,2,0,3],"mistakesClass":[0,1,1,1,1,1],"correctClass":[0,5,6,15,20,21],"GreenBoxFilled":[],"PinkBoxFilled":[],"GreenBoxEmptied":[],"PinkBoxEmptied":[]}