{"participant":"P4","scene":["Audio","Visual","Haptic"],"surveilance":"yes","startTime":0.0,"score":[],"totalButton":0,"ChangeViewToPanels":[9.470702171325684,17.418107986450197,22.821548461914064,38.7186279296875,43.64790344238281,47.826148986816409,54.619163513183597,58.39146423339844,66.31229400634766,67.62200164794922,70.9071044921875,77.3365249633789,81.84943389892578],"ChangeViewToRobot":[3.467195987701416,13.800061225891114,19.23221778869629,24.115907669067384,41.809776306152347,45.569679260253909,48.77484130859375,55.467594146728519,65.47718811035156,66.73094940185547,68.9051513671875,73.260009765625,78.87086486816406],"FirstButton":[],"FirstGrabbed":[],"Feedback":[47.839561462402347,54.63218688964844,59.64449691772461,64.65665435791016,70.92377471923828,77.35469055175781,82.36431121826172],"TimeViewingPanel":[3.467195987701416,4.32935905456543,1.8141098022460938,1.2943592071533204,3.0911483764648439,1.9217758178710938,0.9486923217773438,0.8484306335449219,7.085723876953125,0.4186553955078125,1.2831497192382813,2.3529052734375,1.5343399047851563],"TimeViewingRobot":[6.003506183624268,3.618046760559082,3.5893306732177736,14.602720260620118,1.8381271362304688,2.2564697265625,5.844322204589844,2.923870086669922,0.8351058959960938,0.89105224609375,2.001953125,4.076515197753906,2.9785690307617189],"CubesInGreenBoxWhenStartedLooking":[0,2,2,3,4,4,5,5,5,5,5,5,5],"CubesInPinkBoxWhenStartedLooking":[0,0,1,1,3,3,3,4,4,4,4,4,4],"mistakesClass":[0,0,0,0,0,0,0,0,0,0,0,0,0],"correctClass":[0,0,0,0,0,0,0,0,0,0,0,0,0],"GreenBoxFilled":[45.61272048950195],"PinkBoxFilled":[],"GreenBoxEmptied":[],"PinkBoxEmptied":[]}