{"participant":"P4","scene":[],"surveilance":"no","startTime":7.550813674926758,"score":[1,2,3,4,5,6,7,8,9,9,9,10,11,11,12,13,14,15,16,17,17,18,19,20,21,22,22,23,24,24,25,26,27,28,29,30,31,31,32,33,34,35,36,37],"totalButton":44,"ChangeViewToPanels":[1.619740605354309,53.79911804199219,88.78424072265625,114.0379409790039,163.97683715820313],"ChangeViewToRobot":[1.5384401082992554,41.437557220458987,87.78253936767578,99.49050903320313,147.81179809570313],"FirstButton":[13.105504035949707,56.764888763427737,98.7391586303711,117.89533233642578,166.3564910888672],"FirstGrabbed":[44.52962875366211,101.7881851196289,65.97322082519531],"Feedback":[],"TimeViewingPanel":[1.5384401082992554,39.81781768798828,33.983421325683597,10.706268310546875,33.77385711669922],"TimeViewingRobot":[0.08130049705505371,12.361560821533204,1.0017013549804688,14.547431945800782,16.1650390625],"CubesInGreenBoxWhenStartedLooking":[0,4,2,4,2],"CubesInPinkBoxWhenStartedLooking":[0,3,4,4,3],"mistakesClass":[0,0,0,0,0],"correctClass":[0,9,9,19,27],"GreenBoxFilled":[100.96627044677735],"PinkBoxFilled":[],"GreenBoxEmptied":[105.22775268554688],"PinkBoxEmptied":[]}