{"participant":"P4","scene":[],"surveilance":"no","startTime":0.0,"score":[],"totalButton":0,"ChangeViewToPanels":[],"ChangeViewToRobot":[],"FirstButton":[],"FirstGrabbed":[],"Feedback":[43.46964645385742,48.47175598144531,53.47224426269531,58.47390365600586,63.474571228027347,68.47493743896485,73.47920989990235,78.47950744628906,83.48021697998047,88.48221588134766,93.48367309570313,98.4845199584961,103.48535919189453,108.48674774169922,113.48904418945313,118.48915100097656,123.4909896850586,128.49195861816407,133.49781799316407,138.49786376953126,143.50205993652345,148.50328063964845,153.5032958984375,158.5044403076172,163.50579833984376,168.50674438476563,173.5094451904297,178.50994873046876],"TimeViewingPanel":[],"TimeViewingRobot":[],"CubesInGreenBoxWhenStartedLooking":[],"CubesInPinkBoxWhenStartedLooking":[],"mistakesClass":[],"correctClass":[],"GreenBoxFilled":[43.46964645385742],"PinkBoxFilled":[],"GreenBoxEmptied":[],"PinkBoxEmptied":[]}