{"participant":"P4","scene":["Audio","Visual","Haptic"],"surveilance":"yes","startTime":0.0,"score":[],"totalButton":0,"ChangeViewToPanels":[12.151917457580567,19.016786575317384],"ChangeViewToRobot":[6.402649402618408,14.979702949523926],"FirstButton":[],"FirstGrabbed":[8.254671096801758,14.99297046661377],"Feedback":[],"TimeViewingPanel":[6.402649402618408,2.8277854919433595],"TimeViewingRobot":[5.749268054962158,4.037083625793457],"CubesInGreenBoxWhenStartedLooking":[0,1],"CubesInPinkBoxWhenStartedLooking":[0,0],"mistakesClass":[0,0],"correctClass":[0,0],"GreenBoxFilled":[],"PinkBoxFilled":[],"GreenBoxEmptied":[],"PinkBoxEmptied":[]}