{"participant":"P4","scene":[],"surveilance":"yes","startTime":0.0,"score":[],"totalButton":0,"ChangeViewToPanels":[4.933764934539795,16.157175064086915,20.933443069458009,24.620105743408204],"ChangeViewToRobot":[3.9703469276428224,11.032344818115235,16.284488677978517,22.328224182128908],"FirstButton":[],"FirstGrabbed":[],"Feedback":[],"TimeViewingPanel":[3.9703469276428224,6.0985798835754398,0.12731361389160157,1.3947811126708985],"TimeViewingRobot":[0.9634180068969727,5.12483024597168,4.648954391479492,2.291881561279297],"CubesInGreenBoxWhenStartedLooking":[0,1,2,2],"CubesInPinkBoxWhenStartedLooking":[0,0,0,1],"mistakesClass":[0,0,0,0],"correctClass":[0,0,0,0],"GreenBoxFilled":[],"PinkBoxFilled":[],"GreenBoxEmptied":[],"PinkBoxEmptied":[]}