{"participant":"P4","scene":["Audio","Visual","Haptic"],"surveilance":"no","startTime":17.615434646606447,"score":[1,2,2,3,4,5,6,7,7,7,8,9,10,11,12,12,13,14,15,16,16,17,18,19,20,20,20,21,22,22,23,24,25,25,26,27,28,28,29],"totalButton":39,"ChangeViewToPanels":[3.456162452697754,15.094491004943848,60.1174201965332,68.02452087402344,124.64469909667969,180.48976135253907],"ChangeViewToRobot":[1.130820870399475,13.855981826782227,47.15673065185547,60.884220123291019,110.04304504394531,168.02525329589845],"FirstButton":[20.914581298828126,74.90254974365235,129.37754821777345,193.7535400390625],"FirstGrabbed":[49.707061767578128,62.1915168762207,112.38023376464844,79.7567138671875],"Feedback":[45.96129608154297,60.13178253173828,106.99269104003906,166.88412475585938],"TimeViewingPanel":[1.130820870399475,10.399819374084473,32.06224060058594,0.7667999267578125,42.018524169921878,43.38055419921875],"TimeViewingRobot":[2.3253417015075685,1.238509178161621,12.960689544677735,7.140300750732422,14.601654052734375,12.464508056640625],"CubesInGreenBoxWhenStartedLooking":[0,2,5,0,5,2],"CubesInPinkBoxWhenStartedLooking":[0,0,3,5,3,5],"mistakesClass":[0,0,0,0,0,2],"correctClass":[0,0,5,10,20,26],"GreenBoxFilled":[45.96129608154297,106.99269104003906],"PinkBoxFilled":[59.58734130859375,166.88412475585938],"GreenBoxEmptied":[54.005699157714847,115.22045135498047],"PinkBoxEmptied":[66.2970199584961,174.21273803710938]}