{"participant":"P2","scene":[],"surveilance":"yes","startTime":18.427505493164064,"score":[1,2,3,4,5,6,7,8,9,9,10,11,12,13,14,15,16,17,18,19,20,21,22],"totalButton":23,"ChangeViewToPanels":[8.55652141571045,13.969853401184082,32.892330169677737,46.23088836669922,53.871273040771487,79.47325897216797,104.42061614990235,118.65023040771485,136.92831420898438,139.673583984375,144.39334106445313,161.66836547851563,176.43951416015626,195.69337463378907],"ChangeViewToRobot":[1.400435209274292,9.949483871459961,24.525325775146486,37.37519836425781,48.49758529663086,68.04425811767578,96.27742004394531,112.46898651123047,130.1649169921875,139.18504333496095,140.80218505859376,153.1478271484375,176.3433837890625,186.35208129882813],"FirstButton":[21.741125106811525,35.132694244384769,47.844661712646487,57.79895782470703,86.72804260253906,106.64781951904297,123.56620025634766,138.36306762695313,140.4962158203125,146.55014038085938,185.43258666992188],"FirstGrabbed":[26.420761108398439,40.188568115234378,49.84758377075195,69.64547729492188,96.29212951660156,31.00089454650879,48.15492630004883,58.73515319824219,70.59678649902344,103.91552734375],"Feedback":[],"TimeViewingPanel":[1.400435209274292,1.3929624557495118,10.555472373962403,4.482868194580078,2.2666969299316408,14.172985076904297,16.804161071777345,8.048370361328125,11.514686584472657,2.2567291259765627,1.12860107421875,8.754486083984375,14.675018310546875,9.912567138671875],"TimeViewingRobot":[7.156085968017578,4.020369529724121,8.36700439453125,8.855690002441407,5.373687744140625,11.429000854492188,8.143196105957032,6.181243896484375,6.763397216796875,0.4885406494140625,3.591156005859375,8.520538330078125,0.09613037109375,9.341293334960938],"CubesInGreenBoxWhenStartedLooking":[0,1,3,2,1,2,2,1,0,0,1,1,1,2],"CubesInPinkBoxWhenStartedLooking":[0,0,1,1,1,2,2,1,2,0,0,1,2,3],"mistakesClass":[0,0,0,0,1,1,2,2,2,2,3,3,3,3],"correctClass":[0,0,3,6,7,11,15,18,20,21,21,24,24,29],"GreenBoxFilled":[],"PinkBoxFilled":[],"GreenBoxEmptied":[],"PinkBoxEmptied":[]}