{"participant":"P2","scene":["Audio","Visual","Haptic"],"surveilance":"yes","startTime":0.0,"score":[],"totalButton":0,"ChangeViewToPanels":[5.731199264526367,12.97182559967041,14.433088302612305,26.29441261291504,38.086124420166019,57.81450271606445,63.298160552978519,103.798583984375,108.84246063232422,130.67042541503907,133.8126678466797,159.36190795898438,161.64553833007813],"ChangeViewToRobot":[2.853940725326538,11.717596054077149,13.068305969238282,23.17581558227539,37.56159591674805,44.587955474853519,58.27250671386719,64.09230041503906,105.94618225097656,112.15054321289063,131.47268676757813,136.6783447265625,160.54209899902345],"FirstButton":[],"FirstGrabbed":[],"Feedback":[57.82798385620117,63.31212615966797,103.81041717529297,108.85818481445313,130.68109130859376,135.692626953125,159.37351989746095],"TimeViewingPanel":[2.853940725326538,5.986396789550781,0.0964803695678711,8.742727279663086,11.267183303833008,6.5018310546875,0.4580039978027344,0.7941398620605469,2.1475982666015627,3.3080825805664064,0.8022613525390625,2.8656768798828127,1.1801910400390626],"TimeViewingRobot":[2.877258539199829,1.2542295455932618,1.3647823333740235,3.1185970306396486,0.5245285034179688,13.226547241210938,5.025653839111328,39.70628356933594,2.8962783813476564,18.519882202148439,2.3399810791015627,22.683563232421876,1.1034393310546876],"CubesInGreenBoxWhenStartedLooking":[0,1,1,2,4,4,5,5,5,5,5,5,5],"CubesInPinkBoxWhenStartedLooking":[0,0,0,1,2,3,4,4,4,4,4,4,4],"mistakesClass":[0,0,0,0,0,0,0,0,0,0,0,0,0],"correctClass":[0,0,0,0,0,0,0,0,0,0,0,0,0],"GreenBoxFilled":[45.81324005126953],"PinkBoxFilled":[],"GreenBoxEmptied":[],"PinkBoxEmptied":[]}