{"participant":"P2","scene":["Audio","Visual","Haptic"],"surveilance":"no","startTime":32.45293426513672,"score":[1,2,3,4,5,6,7,8,9,9,10,11,12,13,14,15,16,17,18,19,19,19,20,21,22,23,23,24,25,25,26,27,28,29,30,31,32,32,33,34,35,35,36,37],"totalButton":44,"ChangeViewToPanels":[3.8707191944122316,11.513592720031739,27.35805892944336,66.70240020751953,132.244873046875,193.8065185546875],"ChangeViewToRobot":[2.8964593410491945,6.351004600524902,23.68195915222168,49.61777114868164,116.70710754394531,182.23648071289063],"FirstButton":[34.75015640258789,69.61129760742188,140.02728271484376,195.70143127441407],"FirstGrabbed":[51.723384857177737,118.43463897705078,86.17591094970703],"Feedback":[45.99863815307617,115.02413940429688,178.89627075195313],"TimeViewingPanel":[2.8964593410491945,2.480285406112671,12.168366432189942,22.25971221923828,50.00470733642578,49.991607666015628],"TimeViewingRobot":[0.9742598533630371,5.162588119506836,3.6760997772216799,17.08462905883789,15.537765502929688,11.570037841796875],"CubesInGreenBoxWhenStartedLooking":[0,0,2,5,5,2],"CubesInPinkBoxWhenStartedLooking":[0,0,1,3,4,5],"mistakesClass":[0,0,0,0,0,1],"correctClass":[0,0,0,9,19,26],"GreenBoxFilled":[45.99863815307617,115.02413940429688],"PinkBoxFilled":[178.89627075195313],"GreenBoxEmptied":[64.58650970458985,130.71424865722657],"PinkBoxEmptied":[188.85098266601563]}