{"participant":"P2","scene":["Audio","Visual","Haptic"],"surveilance":"yes","startTime":9.467453002929688,"score":[1,2,3,4,5,6,7,8,9,9,10,11,12,13,14,15,16,16,17,18,18,19,20,21,22,23,23,24,25,25,25],"totalButton":31,"ChangeViewToPanels":[27.607175827026368,48.75440979003906,66.35137176513672,86.76177978515625,100.43341827392578,115.2887954711914,130.44859313964845,152.2635955810547,167.4808349609375,180.05247497558595],"ChangeViewToRobot":[17.15129852294922,39.831459045410159,59.723899841308597,78.0750732421875,96.13111877441406,111.5722427368164,120.96747589111328,145.74783325195313,160.1717529296875,175.3185577392578,186.88702392578126],"FirstButton":[29.139577865600587,52.917144775390628,68.32891082763672,89.30929565429688,104.02510833740235,119.92350769042969,140.8765411376953,154.561767578125,173.96714782714845,185.7182159423828],"FirstGrabbed":[19.3532772064209,41.47356033325195,61.257415771484378,79.55043029785156,14.5630464553833,29.459157943725587,39.817291259765628,64.13796997070313,77.55789184570313,13.643355369567871],"Feedback":[],"TimeViewingPanel":[17.15129852294922,12.224283218383789,10.969490051269532,11.723701477050782,9.369338989257813,11.138824462890625,5.678680419921875,15.299240112304688,7.9081573486328129,7.8377227783203129,6.8345489501953129],"TimeViewingRobot":[10.455877304077149,8.922950744628907,6.627471923828125,8.68670654296875,4.302299499511719,3.716552734375,9.481117248535157,6.5157623291015629,7.30908203125,4.733917236328125],"CubesInGreenBoxWhenStartedLooking":[2,1,0,1,2,2,0,2,0,1,0],"CubesInPinkBoxWhenStartedLooking":[0,1,2,1,0,0,2,1,3,0,2],"mistakesClass":[0,1,1,1,1,1,1,1,1,1],"correctClass":[4,7,10,13,16,18,20,23,25,29],"GreenBoxFilled":[],"PinkBoxFilled":[],"GreenBoxEmptied":[],"PinkBoxEmptied":[]}