{"participant":"P2","scene":[],"surveilance":"yes","startTime":22.240339279174806,"score":[1,2,3,4,5,6,6,7,8,8,9,10,11,12,13,14,15,16,17,18,18,19,20],"totalButton":23,"ChangeViewToPanels":[3.5922794342041017,43.85654830932617,65.2687759399414,72.14666748046875,76.7109603881836,82.7397689819336,104.2790756225586,122.86332702636719,134.51576232910157,160.59222412109376,177.4107208251953,191.84487915039063],"ChangeViewToRobot":[2.0348587036132814,32.88599395751953,55.74936294555664,65.8521499633789,72.925537109375,78.31484985351563,86.94476318359375,116.88924407958985,129.89297485351563,149.2307891845703,167.6909942626953,183.8403778076172,200.51913452148438],"FirstButton":[27.86161994934082,45.806339263916019,112.08735656738281,126.60721588134766,137.6759796142578,162.58216857910157,180.61013793945313,199.39149475097657],"FirstGrabbed":[34.474456787109378,64.46125793457031,68.27558898925781,89.60249328613281,34.53949737548828,48.865997314453128,67.0890121459961,85.42408752441406,18.863065719604493,35.597442626953128],"Feedback":[],"TimeViewingPanel":[2.0348587036132814,29.29371452331543,11.892814636230469,0.5833740234375,0.77886962890625,1.6038894653320313,4.204994201660156,12.61016845703125,7.0296478271484379,14.71502685546875,7.0987701416015629,6.429656982421875,8.67425537109375],"TimeViewingRobot":[1.5574207305908204,10.97055435180664,9.519412994384766,6.294517517089844,3.7854232788085939,4.424919128417969,17.334312438964845,5.974082946777344,4.6227874755859379,11.361434936523438,9.7197265625,8.004501342773438],"CubesInGreenBoxWhenStartedLooking":[0,4,1,2,3,3,3,1,0,2,0,1,1],"CubesInPinkBoxWhenStartedLooking":[0,1,3,1,0,1,3,1,1,1,2,1,0],"mistakesClass":[0,1,1,1,1,1,1,1,1,1,1,1],"correctClass":[0,4,4,6,6,6,14,15,17,22,25,27],"GreenBoxFilled":[95.5066909790039],"PinkBoxFilled":[],"GreenBoxEmptied":[102.41156005859375],"PinkBoxEmptied":[]}