{"participant":"P5","scene":[],"surveilance":"no","startTime":13.562764167785645,"score":[1,2,3,4,5,6,7,8,9,9,9,10,11,12,12,12,13,13,14,15,15,16,16,17,17,18,18,18],"totalButton":28,"ChangeViewToPanels":[2.8331825733184816,7.702244281768799,10.124672889709473,24.40939712524414,56.541290283203128,102.35725402832031,122.11212921142578,123.3375244140625,129.22618103027345,133.97262573242188,138.58184814453126,142.1314697265625,172.80154418945313],"ChangeViewToRobot":[2.4801437854766847,6.449100971221924,9.03743839263916,23.309303283691408,36.8554573059082,77.68807983398438,121.63878631591797,122.90595245361328,128.30758666992188,132.9287872314453,137.95565795898438,141.71302795410157,149.1766357421875],"FirstButton":[15.41586685180664,26.3016414642334,59.14305877685547,105.54509735107422,148.3417510986328,180.36099243164063],"FirstGrabbed":[39.40516662597656,80.80615997314453,66.60276794433594],"Feedback":[],"TimeViewingPanel":[2.4801437854766847,3.6159183979034426,1.3351941108703614,13.184630393981934,12.446060180664063,21.14678955078125,19.281532287597658,0.7938232421875,4.970062255859375,3.702606201171875,3.9830322265625,3.1311798095703127,7.045166015625],"TimeViewingRobot":[0.3530387878417969,1.253143310546875,1.0872344970703126,1.1000938415527344,19.685832977294923,24.669174194335939,0.4733428955078125,0.43157196044921877,0.9185943603515625,1.0438385009765626,0.626190185546875,0.4184417724609375,23.624908447265626],"CubesInGreenBoxWhenStartedLooking":[0,0,1,2,4,3,2,2,2,2,2,2,3],"CubesInPinkBoxWhenStartedLooking":[0,0,0,1,2,2,2,2,2,2,3,3,3],"mistakesClass":[0,0,0,0,0,0,0,0,0,0,0,0,0],"correctClass":[0,0,0,0,7,15,15,15,15,15,15,15,24],"GreenBoxFilled":[],"PinkBoxFilled":[],"GreenBoxEmptied":[],"PinkBoxEmptied":[]}