{"participant":"P5","scene":["Audio","Visual","Haptic"],"surveilance":"no","startTime":9.181975364685059,"score":[1,2,3,4,5,6,7,8,9,9,10,11,12,12,13,14,15,16,17,18,18,19,20,21,22,23,23,24,25],"totalButton":29,"ChangeViewToPanels":[5.322345733642578,7.107149124145508,40.50787353515625,70.65164184570313,122.02774047851563,143.56631469726563,146.18328857421876,154.5261993408203],"ChangeViewToRobot":[4.301833629608154,6.758270740509033,40.07691192626953,48.294044494628909,111.34789276123047,130.71556091308595,144.52713012695313,149.99832153320313],"FirstButton":[11.786430358886719,42.50071334838867,72.36764526367188,126.85952758789063,173.02777099609376],"FirstGrabbed":[52.554237365722659,113.06138610839844,131.89923095703126],"Feedback":[46.49555206298828,110.37336730957031,129.393310546875],"TimeViewingPanel":[4.301833629608154,1.435925006866455,32.969764709472659,7.786170959472656,40.696250915527347,8.687820434570313,0.9608154296875,3.815032958984375],"TimeViewingRobot":[1.0205121040344239,0.3488783836364746,0.43096160888671877,22.35759735107422,10.679847717285157,12.850753784179688,1.656158447265625,4.5278778076171879],"CubesInGreenBoxWhenStartedLooking":[0,0,4,5,5,0,0,0],"CubesInPinkBoxWhenStartedLooking":[0,0,2,3,3,5,0,0],"mistakesClass":[0,0,0,0,0,1,1,1],"correctClass":[0,0,0,10,16,20,20,20],"GreenBoxFilled":[46.49555206298828,110.37336730957031],"PinkBoxFilled":[129.393310546875],"GreenBoxEmptied":[60.05689239501953,118.68622589111328],"PinkBoxEmptied":[142.2857666015625]}