{"participant":"P5","scene":["Audio","Visual","Haptic"],"surveilance":"no","startTime":5.015244483947754,"score":[1,2,3,4,5,6,7,8,9,9,10,11,12,13,14,15,16,17,18,19,19,20,21,22,23,23,23,24],"totalButton":28,"ChangeViewToPanels":[2.7719221115112306,74.73689270019531,123.00514221191406,139.10873413085938],"ChangeViewToRobot":[2.09074068069458,46.54380416870117,114.25935363769531,125.2166976928711],"FirstButton":[8.508772850036621,76.93541717529297,147.18421936035157],"FirstGrabbed":[49.45756149291992,116.53133392333985,34.80574417114258],"Feedback":[45.55659103393555,113.3134536743164],"TimeViewingPanel":[2.09074068069458,43.771881103515628,39.5224609375,2.2115554809570314],"TimeViewingRobot":[0.6811814308166504,28.19308853149414,8.74578857421875,13.892036437988282],"CubesInGreenBoxWhenStartedLooking":[0,5,5,0],"CubesInPinkBoxWhenStartedLooking":[0,3,3,4],"mistakesClass":[0,0,0,0],"correctClass":[0,11,14,20],"GreenBoxFilled":[45.55659103393555,113.3134536743164],"PinkBoxFilled":[127.69427490234375],"GreenBoxEmptied":[57.36539840698242,122.1679916381836],"PinkBoxEmptied":[136.3541259765625]}