{"participant":"P5","scene":["Audio","Visual","Haptic"],"surveilance":"yes","startTime":0.0,"score":[1,2,3,4,5,6,6,7,8,8,9,10,11,11,12,13,14,15,16,17,17,18,19,19,20,20,20,21,22,22],"totalButton":30,"ChangeViewToPanels":[15.837539672851563,67.53131866455078,128.9671630859375],"ChangeViewToRobot":[15.50328540802002,48.27672576904297,113.36156463623047],"FirstButton":[30.87449073791504,69.69268798828125,153.8049774169922],"FirstGrabbed":[52.49786376953125,23.02649688720703],"Feedback":[46.062442779541019,109.5325698852539],"TimeViewingPanel":[15.50328540802002,32.439186096191409,45.83024597167969],"TimeViewingRobot":[0.33425426483154299,19.254592895507814,15.605598449707032],"CubesInGreenBoxWhenStartedLooking":[2,5,5],"CubesInPinkBoxWhenStartedLooking":[0,3,3],"mistakesClass":[0,1,1],"correctClass":[0,8,17],"GreenBoxFilled":[46.062442779541019,109.5325698852539],"PinkBoxFilled":[],"GreenBoxEmptied":[59.290470123291019,123.16404724121094],"PinkBoxEmptied":[]}