{"participant":"P5","scene":["Audio","Visual","Haptic"],"surveilance":"yes","startTime":0.0,"score":[1],"totalButton":1,"ChangeViewToPanels":[1.7112542390823365,4.470271587371826,8.977448463439942,17.637187957763673],"ChangeViewToRobot":[0.3733333349227905,3.993769884109497,8.532628059387207,16.71790313720703],"FirstButton":[36.904483795166019],"FirstGrabbed":[],"Feedback":[],"TimeViewingPanel":[0.3733333349227905,2.282515525817871,4.062356472015381,7.74045467376709],"TimeViewingRobot":[1.337920904159546,0.4765017032623291,0.4448204040527344,0.9192848205566406],"CubesInGreenBoxWhenStartedLooking":[0,0,1,2],"CubesInPinkBoxWhenStartedLooking":[0,0,0,0],"mistakesClass":[0,0,0,0],"correctClass":[0,0,0,0],"GreenBoxFilled":[],"PinkBoxFilled":[],"GreenBoxEmptied":[],"PinkBoxEmptied":[]}