{"participant":"P5","scene":[],"surveilance":"yes","startTime":24.926008224487306,"score":[1,1,2,3,4,5,6,7,8,8,9,10,11,12,12,13,14,15,16,17,18,19,19,20],"totalButton":24,"ChangeViewToPanels":[10.582581520080567,12.586457252502442,21.9034366607666,26.849700927734376,29.97785186767578,32.289466857910159,52.18488693237305,95.0261001586914,139.4131622314453,168.62307739257813,204.46237182617188],"ChangeViewToRobot":[9.52576732635498,11.876128196716309,21.535242080688478,26.40010643005371,29.575298309326173,31.579360961914064,36.271976470947269,70.38215637207031,119.08563995361328,144.912353515625,188.185546875],"FirstButton":[28.559600830078126,30.897401809692384,35.63140106201172,54.399864196777347,97.36695098876953,141.26515197753907,172.89797973632813],"FirstGrabbed":[38.61227798461914,72.30492401123047,37.61858367919922,61.6356315612793,103.29339599609375],"Feedback":[],"TimeViewingPanel":[9.52576732635498,1.2935466766357422,8.948784828186036,4.496669769287109,2.725597381591797,1.6015090942382813,3.9825096130371095,18.197269439697267,24.059539794921876,5.4991912841796879,19.562469482421876],"TimeViewingRobot":[1.056814193725586,0.7103290557861328,0.368194580078125,0.44959449768066409,0.4025535583496094,0.7101058959960938,15.912910461425782,24.643943786621095,20.32752227783203,23.710723876953126,16.276824951171876],"CubesInGreenBoxWhenStartedLooking":[1,1,2,3,3,4,4,3,4,0,1],"CubesInPinkBoxWhenStartedLooking":[0,0,1,1,1,1,2,2,1,1,2],"mistakesClass":[0,0,0,0,0,0,0,0,0,0,0],"correctClass":[0,0,0,0,0,0,5,14,19,22,26],"GreenBoxFilled":[],"PinkBoxFilled":[],"GreenBoxEmptied":[],"PinkBoxEmptied":[]}