{"participant":"P5","scene":["Audio","Visual","Haptic"],"surveilance":"yes","startTime":0.0,"score":[1,2,2,3,4,5,6,6,7,7,8,9,10,10],"totalButton":14,"ChangeViewToPanels":[5.476579189300537,8.076676368713379,10.985005378723145,15.664765357971192,70.99405670166016,87.78623962402344,95.08174896240235,107.93303680419922,109.99186706542969,122.5086898803711,137.4388885498047,141.4429931640625,151.81777954101563,154.1013946533203],"ChangeViewToRobot":[5.374546051025391,6.31967306137085,8.716466903686524,14.632621765136719,46.54582214355469,77.76068878173828,88.77325439453125,95.84920501708985,108.41986083984375,116.8929672241211,137.3534393310547,139.6754608154297,151.78814697265626,153.10775756835938,165.51744079589845],"FirstButton":[25.67922592163086,76.61800384521485,155.8671875],"FirstGrabbed":[49.03987121582031,77.77465057373047,88.78775024414063,96.45662689208985,30.157564163208009],"Feedback":[45.306922912597659,71.00794982910156,76.02084350585938,87.79930114746094,95.09556579589844,154.93389892578126,159.93397521972657,164.93746948242188],"TimeViewingPanel":[5.374546051025391,0.8430938720703125,0.6397905349731445,3.647616386413574,30.881057739257814,6.766632080078125,0.9870147705078125,0.7674560546875,0.48682403564453127,6.901100158691406,14.844749450683594,2.236572265625,10.34515380859375,1.28997802734375,11.416046142578125],"TimeViewingRobot":[0.10203313827514649,1.7570033073425294,2.268538475036621,1.0321435928344727,24.44823455810547,10.025550842285157,6.308494567871094,12.083831787109375,1.5720062255859376,5.61572265625,0.08544921875,1.7675323486328126,0.029632568359375,0.9936370849609375],"CubesInGreenBoxWhenStartedLooking":[0,0,1,2,5,1,1,1,1,0,2,3,3,3,5],"CubesInPinkBoxWhenStartedLooking":[0,0,0,0,3,0,0,0,0,1,4,4,4,4,4],"mistakesClass":[0,0,0,0,2,2,2,2,2,2,2,2,2,2],"correctClass":[0,0,0,0,5,5,5,6,6,6,6,6,6,6],"GreenBoxFilled":[45.306922912597659,154.93389892578126],"PinkBoxFilled":[],"GreenBoxEmptied":[103.93375396728516],"PinkBoxEmptied":[]}