{"participant":"P5","scene":["Audio","Visual","Haptic"],"surveilance":"yes","startTime":44.56760025024414,"score":[1,1,1,2],"totalButton":4,"ChangeViewToPanels":[21.652475357055665,25.864940643310548,29.011734008789064,31.25304412841797,33.7044563293457,63.847496032714847],"ChangeViewToRobot":[21.282896041870118,24.124998092651368,28.412708282470704,29.93158721923828,32.68761444091797,57.415313720703128,64.19499206542969],"FirstButton":[47.57243347167969],"FirstGrabbed":[60.20075607299805,64.20858001708985],"Feedback":[44.73103332519531,49.74254608154297,54.75572204589844,63.86109924316406],"TimeViewingPanel":[21.282896041870118,2.472522735595703,2.5477676391601564,0.9198532104492188,1.4345703125,23.710857391357423,0.34749603271484377],"TimeViewingRobot":[0.3695793151855469,1.7399425506591797,0.5990257263183594,1.3214569091796876,1.0168418884277344,6.432182312011719],"CubesInGreenBoxWhenStartedLooking":[2,3,3,4,4,5,2],"CubesInPinkBoxWhenStartedLooking":[1,1,1,1,1,4,4],"mistakesClass":[0,0,0,0,0,0],"correctClass":[0,0,0,0,0,0],"GreenBoxFilled":[44.73103332519531],"PinkBoxFilled":[],"GreenBoxEmptied":[],"PinkBoxEmptied":[]}