{"participant":"P5","scene":[],"surveilance":"yes","startTime":0.0,"score":[1,2,3,4,5,6,7,8,9,9,10,11,12,12,13,14,15,16,17,18,18,19,20,21,22,23,23,24,25,25,26,27],"totalButton":32,"ChangeViewToPanels":[42.569847106933597,47.706687927246097,50.25354766845703,116.07677459716797,167.16954040527345,168.04623413085938],"ChangeViewToRobot":[33.6579704284668,43.4724235534668,48.401588439941409,101.12255096435547,154.02598571777345,167.7960205078125],"FirstButton":[54.122467041015628,123.06837463378906,176.66224670410157],"FirstGrabbed":[35.63763427734375,45.46512222290039,48.41552734375,102.8642349243164,63.18996047973633],"Feedback":[92.75655364990235,97.76732635498047],"TimeViewingPanel":[33.6579704284668,0.9025764465332031,0.6949005126953125,50.86900329589844,37.94921112060547,0.6264801025390625],"TimeViewingRobot":[8.911876678466797,4.234264373779297,1.851959228515625,14.9542236328125,13.1435546875,0.250213623046875],"CubesInGreenBoxWhenStartedLooking":[4,0,1,3,3,0],"CubesInPinkBoxWhenStartedLooking":[1,3,1,5,4,1],"mistakesClass":[0,0,0,1,1,1],"correctClass":[4,5,6,15,23,23],"GreenBoxFilled":[],"PinkBoxFilled":[92.75655364990235],"GreenBoxEmptied":[],"PinkBoxEmptied":[107.44517517089844]}