{"participant":"P5","scene":[],"surveilance":"no","startTime":21.44257926940918,"score":[1,2,3,4,5,6,7,8,9,9,10,11,12,13,14,15,16,17,18,18,18,19,20,21,22,23,23,24,25,25,26,27,28,29,30,31,31,31,32,33,34,35,36,37,37,38,39,40,41],"totalButton":49,"ChangeViewToPanels":[4.790836334228516,7.294186115264893,32.3166389465332,43.45927047729492,95.04068756103516,168.217529296875],"ChangeViewToRobot":[3.928407907485962,5.823202133178711,31.356468200683595,32.999507904052737,78.8890151977539,151.2043914794922,197.526123046875],"FirstButton":[13.311697006225586,45.50175094604492,104.91162109375,169.76394653320313],"FirstGrabbed":[34.33909225463867,80.5171127319336,68.7375717163086,114.77888488769531],"Feedback":[],"TimeViewingPanel":[3.928407907485962,1.0323657989501954,24.06228256225586,0.6828689575195313,35.429744720458987,56.16370391845703,29.30859375],"TimeViewingRobot":[0.8624284267425537,1.4709839820861817,0.9601707458496094,10.459762573242188,16.15167236328125,17.013137817382814],"CubesInGreenBoxWhenStartedLooking":[0,0,4,4,3,3,2],"CubesInPinkBoxWhenStartedLooking":[0,0,1,1,3,3,4],"mistakesClass":[0,0,0,2,2,3],"correctClass":[0,0,0,4,13,21],"GreenBoxFilled":[],"PinkBoxFilled":[],"GreenBoxEmptied":[],"PinkBoxEmptied":[]}