{"participant":"P3","scene":["Audio","Visual","Haptic"],"surveilance":"yes","startTime":0.0,"score":[],"totalButton":0,"ChangeViewToPanels":[],"ChangeViewToRobot":[],"FirstButton":[],"FirstGrabbed":[],"Feedback":[43.9842643737793,48.98475646972656,53.98628616333008,58.98915481567383,63.9935417175293,68.99356079101563,73.99583435058594,78.99606323242188,83.99610900878906,88.99700927734375,93.99868774414063,99.00120544433594,104.00390625],"TimeViewingPanel":[],"TimeViewingRobot":[],"CubesInGreenBoxWhenStartedLooking":[],"CubesInPinkBoxWhenStartedLooking":[],"mistakesClass":[],"correctClass":[],"GreenBoxFilled":[43.9842643737793],"PinkBoxFilled":[],"GreenBoxEmptied":[],"PinkBoxEmptied":[]}