{"participant":"P3","scene":["Audio","Visual","Haptic"],"surveilance":"yes","startTime":25.466461181640626,"score":[1,2,3,4,5,6,7,8,9,9,10,11,12,13,14,15,16,17,18,19,19,20,21,22,23,23,23,24,25,25,26,27,27,28],"totalButton":34,"ChangeViewToPanels":[5.152773380279541,9.007979393005371,63.45767593383789,116.63973236083985,121.13646697998047,184.73165893554688],"ChangeViewToRobot":[4.345578670501709,7.698578834533691,47.18400573730469,104.65422821044922,117.39205932617188,169.44630432128907],"FirstButton":[27.679941177368165,68.6375961303711,123.4765853881836,193.00204467773438],"FirstGrabbed":[50.194175720214847,20.464242935180665,117.40591430664063,85.06121826171875],"Feedback":[45.84706497192383,103.5684585571289,168.42958068847657],"TimeViewingPanel":[4.345578670501709,2.5458054542541506,38.176025390625,41.19655227661133,0.7523269653320313,48.309837341308597],"TimeViewingRobot":[0.807194709777832,1.3094005584716797,16.273670196533204,11.985504150390625,3.7444076538085939,15.285354614257813],"CubesInGreenBoxWhenStartedLooking":[0,1,5,5,0,2],"CubesInPinkBoxWhenStartedLooking":[0,0,3,3,1,5],"mistakesClass":[0,0,1,1,1,1],"correctClass":[0,0,9,17,18,28],"GreenBoxFilled":[45.84706497192383,103.5684585571289],"PinkBoxFilled":[168.42958068847657],"GreenBoxEmptied":[53.030086517333987,111.25389862060547],"PinkBoxEmptied":[174.7647247314453]}