{"participant":"P3","scene":[],"surveilance":"yes","startTime":7.272141933441162,"score":[1,2,3,4,5,6,7,8,9,9,10,11,12,13,14,15,16,17],"totalButton":18,"ChangeViewToPanels":[44.04011154174805,72.98372650146485,99.12764739990235,100.27018737792969,162.09762573242188],"ChangeViewToRobot":[21.625789642333986,60.10604476928711,85.15133666992188,99.37906646728516,133.51605224609376,168.66897583007813],"FirstButton":[45.71234893798828,77.6510009765625,122.7680892944336,163.725830078125],"FirstGrabbed":[23.771907806396486,61.6376953125,87.81037902832031,54.67050552368164,86.89794921875],"Feedback":[],"TimeViewingPanel":[21.625789642333986,16.065933227539064,12.167610168457032,0.2514190673828125,33.24586486816406,6.57135009765625],"TimeViewingRobot":[22.414321899414064,12.877681732177735,13.976310729980469,0.8911209106445313,28.581573486328126],"CubesInGreenBoxWhenStartedLooking":[2,1,0,0,2,1],"CubesInPinkBoxWhenStartedLooking":[1,2,3,0,4,1],"mistakesClass":[0,0,0,0,1],"correctClass":[6,12,16,17,27],"GreenBoxFilled":[],"PinkBoxFilled":[],"GreenBoxEmptied":[],"PinkBoxEmptied":[]}