{"participant":"P3","scene":["Audio","Visual","Haptic"],"surveilance":"no","startTime":15.62801456451416,"score":[1,2,3,4,4,5,6,7,8,8,9,10,10,10,10,11,12,13,13,14,14,15,16,17,18,18,18,18,19,19,20,21],"totalButton":32,"ChangeViewToPanels":[3.249922037124634,7.87349271774292,10.842288970947266,12.900594711303711,20.807117462158204,50.18266677856445,75.57598876953125,110.04710388183594,133.4763641357422,135.62086486816407,138.51602172851563,141.71766662597657,145.2859649658203,147.99742126464845,151.67288208007813,173.2513885498047,188.39764404296876,192.01744079589845],"ChangeViewToRobot":[2.4570233821868898,5.366977214813232,8.23523998260498,11.911165237426758,20.194107055664064,39.1435546875,60.846187591552737,97.26994323730469,128.1166229248047,133.907470703125,137.01197814941407,139.7273406982422,142.9155731201172,146.03466796875,149.31982421875,172.39015197753907,181.95191955566407,190.55628967285157,193.8563232421875],"FirstButton":[18.20333480834961,22.26811408996582,56.9631462097168,77.63623809814453,115.36463928222656,156.25294494628907,178.84800720214845],"FirstGrabbed":[41.53969955444336,62.99048614501953,15.884404182434082,45.7890739440918],"Feedback":[],"TimeViewingPanel":[2.4570233821868898,2.1170551776885988,0.36174726486206057,1.0688762664794922,7.293512344360352,18.336437225341798,10.663520812988282,21.693954467773439,18.06951904296875,0.4311065673828125,1.39111328125,1.2113189697265626,1.197906494140625,0.7487030029296875,1.3224029541015626,20.717269897460939,8.700531005859375,2.1586456298828127,1.8388824462890626],"TimeViewingRobot":[0.7928986549377441,2.5065155029296877,2.607048988342285,0.9894294738769531,0.6130104064941406,11.039112091064454,14.729801177978516,12.77716064453125,5.3597412109375,1.7133941650390626,1.5040435791015626,1.990325927734375,2.370391845703125,1.9627532958984376,2.353057861328125,0.861236572265625,6.4457244873046879,1.461151123046875],"CubesInGreenBoxWhenStartedLooking":[0,0,1,1,2,4,1,2,0,0,0,0,0,0,0,0,0,0,1],"CubesInPinkBoxWhenStartedLooking":[0,0,0,0,1,2,2,2,2,0,0,0,0,0,0,0,0,0,0],"mistakesClass":[0,0,0,0,0,0,0,0,0,0,0,0,0,0,0,0,0,0],"correctClass":[0,0,0,0,0,7,12,19,21,21,21,21,21,21,21,21,21,21],"GreenBoxFilled":[],"PinkBoxFilled":[],"GreenBoxEmptied":[],"PinkBoxEmptied":[]}