{"participant":"P3","scene":[],"surveilance":"no","startTime":17.55528450012207,"score":[1,2,3,4,5,6,7,8,9,9,10,11,12,12,13,14,15,16,16,17,17,18,19,20,21,21,21],"totalButton":27,"ChangeViewToPanels":[4.704438209533691,7.865172863006592,9.688971519470215,13.016674995422364,50.34077835083008,54.033565521240237,76.62568664550781,79.32737731933594,82.89027404785156,88.8333969116211,103.26100158691406,135.0828094482422,169.1361846923828],"ChangeViewToRobot":[3.3390793800354006,6.58467435836792,8.70071029663086,11.98654556274414,29.13794708251953,53.4041862487793,70.17920684814453,77.2927017211914,80.8714370727539,84.1714859008789,90.01750946044922,118.33513641357422,151.3712921142578],"FirstButton":[20.423280715942384,52.59727478027344,59.68147659301758,104.7474136352539,137.38037109375,175.08084106445313],"FirstGrabbed":[33.05141830444336,72.40692138671875,77.30792999267578,94.13992309570313,40.191490173339847,72.3376235961914],"Feedback":[],"TimeViewingPanel":[3.3390793800354006,1.8802361488342286,0.8355374336242676,2.297574043273926,16.121273040771486,3.0634078979492189,16.145641326904298,0.6670150756835938,1.5440597534179688,1.2812118530273438,1.184112548828125,15.074134826660157,16.288482666015626],"TimeViewingRobot":[1.365358829498291,1.2804985046386719,0.9882612228393555,1.0301294326782227,21.202831268310548,0.6293792724609375,6.446479797363281,2.0346755981445314,2.0188369750976564,4.6619110107421879,13.243492126464844,16.74767303466797,17.764892578125],"CubesInGreenBoxWhenStartedLooking":[0,0,1,1,4,0,2,2,2,2,3,1,1],"CubesInPinkBoxWhenStartedLooking":[0,0,0,0,1,1,2,1,1,2,2,2,2],"mistakesClass":[0,0,0,0,0,0,0,0,0,0,0,0,0],"correctClass":[0,0,0,0,7,7,9,10,10,10,16,21,28],"GreenBoxFilled":[],"PinkBoxFilled":[],"GreenBoxEmptied":[],"PinkBoxEmptied":[]}