{"participant":"P3","scene":[],"surveilance":"yes","startTime":0.0,"score":[],"totalButton":0,"ChangeViewToPanels":[35.27458953857422,40.49488067626953,76.38594055175781,82.34452056884766],"ChangeViewToRobot":[16.814180374145509,39.854888916015628,67.82344055175781,79.65705871582031],"FirstButton":[],"FirstGrabbed":[],"Feedback":[45.980892181396487,50.9923095703125,56.00373077392578,61.015804290771487,66.02770233154297,76.39991760253906,82.35757446289063,87.37068176269531,92.38175201416016],"TimeViewingPanel":[16.814180374145509,4.580299377441406,27.32855987548828,3.2711181640625],"TimeViewingRobot":[18.46040916442871,0.6399917602539063,8.5625,2.6874618530273439],"CubesInGreenBoxWhenStartedLooking":[2,4,5,5],"CubesInPinkBoxWhenStartedLooking":[0,2,4,4],"mistakesClass":[0,0,0,0],"correctClass":[0,0,0,0],"GreenBoxFilled":[45.980892181396487],"PinkBoxFilled":[],"GreenBoxEmptied":[],"PinkBoxEmptied":[]}