{"participant":"P1","scene":"NoFeedback","startTime":0.0,"score":[1,1,1,1,1],"totalButton":5,"ChangeViewToPanels":[],"ChangeViewToRobot":[],"FirstButton":[],"FirstGrabbed":[],"interpolationFeedback":[43.38827896118164,48.39133071899414,53.392887115478519,58.3936653137207,63.39421844482422,68.39469146728516,73.39585876464844,78.3968276977539,83.39848327636719,88.3995361328125,93.40088653564453,98.40161895751953,103.40354919433594,108.40492248535156,113.40532684326172,118.40594482421875,123.40758514404297,128.40870666503907,133.4096221923828,138.40966796875,143.4106903076172,148.41087341308595,153.4120330810547,158.41204833984376,163.4122772216797,168.41259765625,173.41517639160157,178.4160919189453,183.41741943359376,188.41766357421876,193.4192352294922,198.4197235107422,203.420654296875,208.42079162597657,213.42173767089845,218.4239044189453,223.4253692626953,228.4259033203125,233.42640686035157,238.42747497558595,243.4293670654297,248.43099975585938,253.43124389648438,258.43243408203127,263.4345703125,268.4347839355469,273.435791015625,278.43756103515627,283.4388122558594,288.44073486328127,293.44207763671877,298.443603515625],"TimeViewingPanel":[],"TimeViewingRobot":[],"CubesInGreenBoxWhenStartedLooking":[],"CubesInPinkBoxWhenStartedLooking":[],"mistakesClass":[],"correctClass":[]}