{"participant":"P1","scene":"NoFeedback","startTime":0.0,"score":[],"totalButton":0,"ChangeViewToPanels":[22.835168838500978,37.30134963989258,114.63304901123047,124.6434555053711,125.78553009033203,128.98828125,164.48484802246095,171.89004516601563,174.1324005126953,182.3188018798828,183.37583923339845,193.83331298828126,196.46372985839845,198.96826171875],"ChangeViewToRobot":[16.3858699798584,23.47644805908203,114.09076690673828,122.54109191894531,125.66027069091797,125.91141510009766,161.81227111816407,170.19163513183595,172.93453979492188,174.24362182617188,183.36215209960938,186.6348419189453,196.2268829345703,196.7415008544922],"FirstButton":[],"FirstGrabbed":[],"interpolationFeedback":[24.922780990600587,29.935514450073243,34.94681167602539,39.95796203613281,44.97322463989258,49.98217010498047,54.99481964111328,60.00580978393555,65.0069580078125,70.01611328125,75.02774810791016,80.02798461914063,85.03709411621094,90.04975891113281,95.06227111816406,100.07330322265625,105.08900451660156,110.09226989746094,115.09247589111328,120.10504150390625,125.11724853515625,130.12899780273438,135.1405029296875,140.15269470214845,145.1647491455078,150.17799377441407,155.18832397460938,160.19786071777345,165.2096710205078,170.21945190429688,175.232177734375,180.2425537109375,185.24276733398438,190.2552490234375,195.26690673828126],"TimeViewingPanel":[-16.3858699798584,-0.6412792205810547,-76.78941345214844,-7.908042907714844,-1.016815185546875,-0.125885009765625,-32.82398986816406,-5.706787109375,-1.04449462890625,-0.1112213134765625,-1.0433502197265626,-3.259002685546875,-2.3935699462890627,-0.27777099609375],"TimeViewingRobot":[-6.449298858642578,-13.824901580810547,-0.5422821044921875,-2.1023635864257814,-0.1252593994140625,-3.0768661499023439,-2.672576904296875,-1.6984100341796876,-1.1978607177734376,-8.075180053710938,-0.0136871337890625,-7.1984710693359379,-0.236846923828125,-2.2267608642578127],"CubesInGreenBoxWhenStartedLooking":[2,2,4,4,4,4,4,4,4,4,4,4,4,4],"CubesInPinkBoxWhenStartedLooking":[0,1,1,1,1,1,1,1,1,1,1,1,1,1],"mistakesClass":[0,0,0,0,0,0,0,0,0,0,0,0,0,0],"correctClass":[0,0,0,0,0,0,0,0,0,0,0,0,0,0]}