{"participant":"P1","scene":["Audio","Visual"],"surveilance":"yes","startTime":0.0,"score":[1,2,3,4,5,5,6,7,8,9,10,10,11,12,12,13,14,15,16,17,17,18,19],"totalButton":23,"ChangeViewToPanels":[71.84496307373047,125.22789001464844,129.85203552246095,131.11485290527345,131.17030334472657,134.4888458251953],"ChangeViewToRobot":[47.311988830566409,107.27550506591797,125.83901977539063,131.0591278076172,131.12803649902345,131.2252197265625],"FirstButton":[74.41278076171875],"FirstGrabbed":[49.18452072143555,109.48393249511719],"Feedback":[46.13051986694336,106.23551940917969,125.24283599853516,130.25418090820313],"TimeViewingPanel":[47.311988830566409,35.4305419921875,0.6111297607421875,1.20709228515625,0.01318359375,0.0549163818359375],"TimeViewingRobot":[24.532974243164064,17.95238494873047,4.0130157470703129,0.05572509765625,0.042266845703125,3.2636260986328127],"CubesInGreenBoxWhenStartedLooking":[5,5,1,1,1,1],"CubesInPinkBoxWhenStartedLooking":[3,3,3,3,3,3],"mistakesClass":[0,0,0,0,0,0],"correctClass":[10,15,15,15,15,15],"GreenBoxFilled":[46.13051986694336,106.23551940917969],"PinkBoxFilled":[],"GreenBoxEmptied":[55.58572769165039],"PinkBoxEmptied":[]}