{"participant":"P1","scene":["Audio","Visual"],"surveilance":"yes","startTime":0.0,"score":[],"totalButton":0,"ChangeViewToPanels":[],"ChangeViewToRobot":[],"FirstButton":[],"FirstGrabbed":[],"Feedback":[44.07898712158203,49.079227447509769,54.07946014404297,59.08262634277344,64.08287811279297,69.08418273925781,74.0856704711914,79.08704376220703,84.08921813964844,89.09027099609375,94.09039306640625,99.09678649902344,104.09971618652344],"TimeViewingPanel":[],"TimeViewingRobot":[],"CubesInGreenBoxWhenStartedLooking":[],"CubesInPinkBoxWhenStartedLooking":[],"mistakesClass":[],"correctClass":[],"GreenBoxFilled":[44.07898712158203],"PinkBoxFilled":[],"GreenBoxEmptied":[],"PinkBoxEmptied":[]}