{"participant":"P1","scene":["Audio","Visual"],"surveilance":"yes","startTime":0.0,"score":[],"totalButton":0,"ChangeViewToPanels":[27.504106521606447,42.42826843261719],"ChangeViewToRobot":[17.187196731567384,28.21237564086914],"FirstButton":[],"FirstGrabbed":[20.65227699279785],"Feedback":[],"TimeViewingPanel":[17.187196731567384,0.7082691192626953],"TimeViewingRobot":[10.316909790039063,14.215892791748047],"CubesInGreenBoxWhenStartedLooking":[2,3],"CubesInPinkBoxWhenStartedLooking":[0,1],"mistakesClass":[0,0],"correctClass":[0,0],"GreenBoxFilled":[],"PinkBoxFilled":[],"GreenBoxEmptied":[],"PinkBoxEmptied":[]}