{"participant":"P1","scene":"NoFeedback","startTime":0.0,"score":[],"totalButton":0,"ChangeViewToPanels":[10.757346153259278,46.74540328979492],"ChangeViewToRobot":[6.483261585235596,19.1802921295166],"FirstButton":[],"FirstGrabbed":[],"interpolationFeedback":[24.080581665039064,29.091875076293947,34.10430908203125,39.11583709716797,44.12770462036133],"TimeViewingPanel":[-6.483261585235596,-8.422945976257325],"TimeViewingRobot":[-4.274084568023682,-27.56511116027832],"CubesInGreenBoxWhenStartedLooking":[0,2],"CubesInPinkBoxWhenStartedLooking":[0,1],"mistakesClass":[0,0],"correctClass":[0,0]}