{"participant":"P1","scene":["Audio","Visual"],"surveilance":"yes","startTime":0.0,"score":[],"totalButton":0,"ChangeViewToPanels":[26.421768188476564,64.69590759277344],"ChangeViewToRobot":[4.016108989715576,47.055091857910159],"FirstButton":[],"FirstGrabbed":[48.40544509887695],"Feedback":[46.20525360107422,64.71099090576172],"TimeViewingPanel":[4.016108989715576,20.633323669433595],"TimeViewingRobot":[22.405658721923829,17.64081573486328],"CubesInGreenBoxWhenStartedLooking":[0,5],"CubesInPinkBoxWhenStartedLooking":[0,3],"mistakesClass":[0,0],"correctClass":[0,4],"GreenBoxFilled":[46.20525360107422],"PinkBoxFilled":[],"GreenBoxEmptied":[],"PinkBoxEmptied":[]}