{"participant":"P1","scene":"NoFeedback","startTime":0.0,"score":[],"totalButton":0,"ChangeViewToPanels":[33.05249786376953],"ChangeViewToRobot":[21.772462844848634],"FirstButton":[],"FirstGrabbed":[],"interpolationFeedback":[24.319440841674806,29.337039947509767,34.34706497192383,39.35922622680664],"TimeViewingPanel":[-21.772462844848634],"TimeViewingRobot":[-11.280035018920899],"CubesInGreenBoxWhenStartedLooking":[2],"CubesInPinkBoxWhenStartedLooking":[1],"mistakesClass":[0],"correctClass":[0]}