{"participant":"P1","scene":["Audio","Visual"],"surveilance":"yes","startTime":0.0,"score":[],"totalButton":0,"ChangeViewToPanels":[83.16724395751953,94.00637817382813],"ChangeViewToRobot":[73.84772491455078,84.27526092529297,95.1749496459961],"FirstButton":[],"FirstGrabbed":[],"Feedback":[43.72359085083008,48.72508239746094,53.727622985839847,58.72795486450195,63.729713439941409,68.73242950439453,73.73291778564453,83.17123413085938,94.01074981689453],"TimeViewingPanel":[73.84772491455078,1.1080169677734376,1.1685714721679688],"TimeViewingRobot":[9.31951904296875,9.731117248535157],"CubesInGreenBoxWhenStartedLooking":[5,5,5],"CubesInPinkBoxWhenStartedLooking":[4,4,4],"mistakesClass":[0,0],"correctClass":[0,0],"GreenBoxFilled":[43.72359085083008],"PinkBoxFilled":[],"GreenBoxEmptied":[],"PinkBoxEmptied":[]}