{"participant":"P1","scene":"NoFeedback","startTime":0.0,"score":[0,0,1],"totalButton":3,"ChangeViewToPanels":[115.011962890625],"ChangeViewToRobot":[68.37429809570313],"FirstButton":[],"FirstGrabbed":[69.96418762207031],"interpolationFeedback":[45.3240852355957,50.33676528930664,55.34260940551758,60.355804443359378,65.36759185791016,70.37934875488281,75.39107513427735,80.40243530273438,85.41549682617188,90.42572021484375,95.43805694580078,100.45050811767578,105.4617691040039,110.47447204589844,115.48583984375],"TimeViewingPanel":[-68.37429809570313],"TimeViewingRobot":[-46.637664794921878],"CubesInGreenBoxWhenStartedLooking":[5],"CubesInPinkBoxWhenStartedLooking":[4],"mistakesClass":[3],"correctClass":[6]}