{"participant":"P1","scene":["Audio","Visual"],"surveilance":"yes","startTime":0.0,"score":[],"totalButton":0,"ChangeViewToPanels":[58.79954528808594,79.3056869506836],"ChangeViewToRobot":[3.751307487487793,59.46735763549805],"FirstButton":[],"FirstGrabbed":[62.198551177978519],"Feedback":[58.812896728515628,79.31949615478516,84.32223510742188,89.32368469238281,94.32523345947266,99.3265151977539,104.32894897460938,109.32926940917969],"TimeViewingPanel":[3.751307487487793,0.6678123474121094],"TimeViewingRobot":[55.04823684692383,19.838329315185548],"CubesInGreenBoxWhenStartedLooking":[0,5],"CubesInPinkBoxWhenStartedLooking":[0,4],"mistakesClass":[0,0],"correctClass":[0,4],"GreenBoxFilled":[45.546241760253909],"PinkBoxFilled":[],"GreenBoxEmptied":[],"PinkBoxEmptied":[]}