{"participant":"P1","scene":"NoFeedback","startTime":0.0,"score":[],"totalButton":0,"ChangeViewToPanels":[27.06110382080078,40.77595901489258,81.2269287109375],"ChangeViewToRobot":[27.019155502319337,40.219451904296878,79.6260757446289],"FirstButton":[],"FirstGrabbed":[],"interpolationFeedback":[23.615272521972658,28.62118148803711,33.63298416137695,38.64524841308594,43.65749740600586,48.66278839111328,53.675750732421878,58.6783332824707,63.69181442260742,68.70449829101563,73.7055435180664,78.70670318603516,83.71739959716797,88.73104095458985,93.74238586425781],"TimeViewingPanel":[-27.019155502319337,-13.158348083496094,-38.85011672973633],"TimeViewingRobot":[-0.04194831848144531,-0.5565071105957031,-1.6008529663085938],"CubesInGreenBoxWhenStartedLooking":[3,4,4],"CubesInPinkBoxWhenStartedLooking":[1,1,1],"mistakesClass":[0,0,0],"correctClass":[0,0,0]}