{"participant":"P1","scene":["Audio","Visual"],"surveilance":"yes","startTime":0.0,"score":[],"totalButton":0,"ChangeViewToPanels":[2.979316234588623,20.116512298583986],"ChangeViewToRobot":[2.924126148223877,4.750620365142822],"FirstButton":[],"FirstGrabbed":[10.982932090759278],"Feedback":[],"TimeViewingPanel":[2.924126148223877,1.7713041305541993],"TimeViewingRobot":[0.055190086364746097,15.36589241027832],"CubesInGreenBoxWhenStartedLooking":[0,0],"CubesInPinkBoxWhenStartedLooking":[0,0],"mistakesClass":[0,0],"correctClass":[0,0],"GreenBoxFilled":[],"PinkBoxFilled":[],"GreenBoxEmptied":[],"PinkBoxEmptied":[]}