{"participant":"P1","scene":["Audio","Visual"],"surveilance":"yes","startTime":0.0,"score":[],"totalButton":0,"ChangeViewToPanels":[10.58304500579834,19.590566635131837],"ChangeViewToRobot":[0.6428878903388977,12.141825675964356],"FirstButton":[],"FirstGrabbed":[8.661478996276856,18.100589752197267],"Feedback":[],"TimeViewingPanel":[0.6428878903388977,1.5587806701660157],"TimeViewingRobot":[9.940156936645508,7.4487409591674809],"CubesInGreenBoxWhenStartedLooking":[0,1],"CubesInPinkBoxWhenStartedLooking":[0,0],"mistakesClass":[0,0],"correctClass":[0,0],"GreenBoxFilled":[],"PinkBoxFilled":[],"GreenBoxEmptied":[],"PinkBoxEmptied":[]}