{"participant":"P1","scene":["Audio","Visual"],"surveilance":"yes","startTime":0.0,"score":[],"totalButton":0,"ChangeViewToPanels":[83.49537658691406],"ChangeViewToRobot":[0.740253210067749],"FirstButton":[],"FirstGrabbed":[29.995664596557618],"Feedback":[44.95950698852539,49.97021484375,54.98295974731445,59.99305725097656],"TimeViewingPanel":[0.740253210067749],"TimeViewingRobot":[82.755126953125],"CubesInGreenBoxWhenStartedLooking":[0],"CubesInPinkBoxWhenStartedLooking":[0],"mistakesClass":[0],"correctClass":[12],"GreenBoxFilled":[44.95950698852539],"PinkBoxFilled":[],"GreenBoxEmptied":[60.175479888916019],"PinkBoxEmptied":[]}