{"participant":"P1","scene":["Audio","Visual","Haptic"],"surveilance":"no","startTime":0.0,"score":[1,1,2,2,3,4,5,5,6,6,6,6,7,7,8,9,9,10,10,11,11,11,11,11,12,12,12,12,13,13,14,15,16,16,17,17,18,18,19,20,21,21,21,21,21,22,23,24,25],"totalButton":49,"ChangeViewToPanels":[4.63126802444458,77.37554931640625,130.78024291992188,180.3975830078125,192.51388549804688],"ChangeViewToRobot":[1.307254433631897,49.68520736694336,119.6020278930664,172.17013549804688,183.7525634765625],"FirstButton":[8.574295043945313,84.32255554199219,138.77169799804688],"FirstGrabbed":[55.26944351196289,28.274620056152345,79.06126403808594,91.22932434082031],"Feedback":[45.80144119262695,117.84585571289063],"TimeViewingPanel":[1.307254433631897,45.05393981933594,42.226478576660159,41.389892578125,3.35498046875],"TimeViewingRobot":[3.3240137100219728,27.69034194946289,11.178215026855469,8.227447509765625,8.761322021484375],"CubesInGreenBoxWhenStartedLooking":[0,5,5,1,0],"CubesInPinkBoxWhenStartedLooking":[0,3,3,1,1],"mistakesClass":[0,1,1,1,1],"correctClass":[0,10,19,22,24],"GreenBoxFilled":[45.80144119262695,117.84585571289063],"PinkBoxFilled":[66.01541900634766],"GreenBoxEmptied":[60.39228820800781,125.76703643798828],"PinkBoxEmptied":[72.53050994873047]}