{"participant":"P1","scene":["Audio","Visual","Haptic"],"surveilance":"yes","startTime":0.0,"score":[1,2,3,4,5,6,7,8,9,9,10,11,12,12,13,14,15,16,17,18,18,19,20,21],"totalButton":24,"ChangeViewToPanels":[3.361048460006714,27.873363494873048,92.30540466308594,100.05899047851563,166.021484375,175.3888397216797,193.82179260253907],"ChangeViewToRobot":[3.0792057514190676,27.692825317382814,52.30646896362305,98.45872497558594,138.35842895507813,167.11953735351563,183.86700439453126],"FirstButton":[30.045806884765626,108.87033081054688,181.62643432617188,195.32537841796876],"FirstGrabbed":[57.543914794921878,46.539798736572269],"Feedback":[46.137672424316409,51.15119552612305],"TimeViewingPanel":[3.0792057514190676,24.331777572631837,24.43310546875,6.1533203125,38.2994384765625,1.098052978515625,8.478164672851563],"TimeViewingRobot":[0.2818427085876465,0.18053817749023438,39.99893569946289,1.6002655029296876,27.663055419921876,8.269302368164063,9.954788208007813],"CubesInGreenBoxWhenStartedLooking":[0,3,5,0,4,0,0],"CubesInPinkBoxWhenStartedLooking":[0,1,4,0,2,0,0],"mistakesClass":[0,0,1,1,1,1,1],"correctClass":[0,0,13,13,19,19,19],"GreenBoxFilled":[46.137672424316409],"PinkBoxFilled":[],"GreenBoxEmptied":[65.29582977294922],"PinkBoxEmptied":[]}