{"participant":"P1","scene":[],"surveilance":"no","startTime":0.0,"score":[1,2,3,3,4,5,6,6,7,7,8,9,10,10,10,11,11,12,13,14,14,15,16,17,18,18,18,18,19,19,20,21,22,23,24,25,26,26,27,28,29,30,31,31,31,32,33,34,35,35],"totalButton":50,"ChangeViewToPanels":[7.954959392547607,65.42291259765625,151.7660675048828,178.842041015625,244.38645935058595,266.091552734375,270.8534240722656,328.19610595703127,362.798583984375],"ChangeViewToRobot":[7.215776443481445,32.67953872680664,112.57579040527344,169.65585327148438,218.17271423339845,258.12725830078127,268.51416015625,273.27520751953127,329.5754699707031],"FirstButton":[9.402360916137696,69.93630981445313,158.15586853027345,180.36460876464845,245.87684631347657],"FirstGrabbed":[35.86849594116211,118.39550018310547,86.29978942871094,133.8037567138672,58.731239318847659,68.84081268310547,74.28253173828125,60.87937545776367],"Feedback":[103.63800048828125,108.65379333496094,217.85073852539063],"TimeViewingPanel":[7.215776443481445,24.724578857421876,47.15287780761719,17.889785766601564,39.33067321777344,13.740798950195313,2.422607421875,2.421783447265625,1.379364013671875],"TimeViewingRobot":[0.7391829490661621,32.74337387084961,39.190277099609378,9.186187744140625,26.2137451171875,7.96429443359375,2.339263916015625,54.9208984375,33.223114013671878],"CubesInGreenBoxWhenStartedLooking":[0,4,6,0,3,0,1,2,1],"CubesInPinkBoxWhenStartedLooking":[0,1,3,1,5,3,1,0,2],"mistakesClass":[0,0,1,1,3,4,4,4,4],"correctClass":[0,10,19,21,31,32,32,36,39],"GreenBoxFilled":[103.63800048828125],"PinkBoxFilled":[56.011077880859378,217.85073852539063],"GreenBoxEmptied":[134.1120147705078],"PinkBoxEmptied":[63.738319396972659,221.41738891601563]}