{"participant":"P1","scene":"NoFeedback","startTime":0.0,"score":[],"totalButton":0,"ChangeViewToPanels":[11.000299453735352,23.041580200195314,23.12469482421875,23.22212791442871],"ChangeViewToRobot":[6.043674468994141,22.931161880493165,23.111412048339845,23.19440460205078],"FirstButton":[],"FirstGrabbed":[],"interpolationFeedback":[24.475872039794923,29.485328674316408,34.48740005493164,39.49602127075195],"TimeViewingPanel":[-6.043674468994141,-11.930862426757813,-0.06983184814453125,-0.06970977783203125],"TimeViewingRobot":[-4.956624984741211,-0.11041831970214844,-0.01328277587890625,-0.027723312377929689],"CubesInGreenBoxWhenStartedLooking":[0,2,2,2],"CubesInPinkBoxWhenStartedLooking":[0,1,1,1],"mistakesClass":[0,0,0,0],"correctClass":[0,0,0,0]}