{"participant":"P1","scene":"NoFeedback","startTime":0.0,"score":[1,2,3,4,5,6,7,8,9,9,10,10,11],"totalButton":13,"ChangeViewToPanels":[104.72314453125,117.08650970458985],"ChangeViewToRobot":[46.08577346801758,106.22718811035156],"FirstButton":[],"FirstGrabbed":[47.96775817871094],"interpolationFeedback":[44.929969787597659,49.93998336791992,54.95589065551758,59.96537399291992,64.97664642333985,69.9881820678711,75.00072479248047,80.0120849609375,85.02490997314453,90.03584289550781,95.04727172851563,100.0498275756836,105.05789184570313,110.06974792480469,115.08137512207031,120.0915298461914,125.10346221923828,130.11575317382813,135.12713623046876,140.13980102539063,145.1525115966797],"TimeViewingPanel":[-46.08577346801758,-1.5040435791015626],"TimeViewingRobot":[-58.63737106323242,-10.859321594238282],"CubesInGreenBoxWhenStartedLooking":[5,5],"CubesInPinkBoxWhenStartedLooking":[3,4],"mistakesClass":[0,0],"correctClass":[9,9]}