{"participant":"P1","scene":"NoFeedback","startTime":0.0,"score":[1,2,3,4,5,6,7,8],"totalButton":8,"ChangeViewToPanels":[5.602118015289307,71.87973022460938],"ChangeViewToRobot":[5.06374454498291,46.785762786865237],"FirstButton":[26.949617385864259],"FirstGrabbed":[48.7963981628418],"interpolationFeedback":[45.761871337890628,50.7720947265625],"TimeViewingPanel":[-5.06374454498291,-41.18364334106445],"TimeViewingRobot":[-0.5383734703063965,-25.09396743774414],"CubesInGreenBoxWhenStartedLooking":[0,5],"CubesInPinkBoxWhenStartedLooking":[0,3],"mistakesClass":[0,0],"correctClass":[0,11]}