{"participant":"P1","scene":"NoFeedback","startTime":0.0,"score":[],"totalButton":0,"ChangeViewToPanels":[10.646507263183594],"ChangeViewToRobot":[8.362424850463868],"FirstButton":[],"FirstGrabbed":[],"interpolationFeedback":[23.718769073486329,28.732072830200197,33.74380874633789,38.75448989868164,43.76674270629883,48.77870559692383,53.78833770751953,58.80031967163086,63.812278747558597,68.81255340576172,73.82325744628906],"TimeViewingPanel":[-8.362424850463868],"TimeViewingRobot":[-2.2840824127197267],"CubesInGreenBoxWhenStartedLooking":[1],"CubesInPinkBoxWhenStartedLooking":[0],"mistakesClass":[0],"correctClass":[0]}