{"participant":"P1","scene":["Audio","Visual"],"surveilance":"yes","startTime":0.0,"score":[],"totalButton":0,"ChangeViewToPanels":[34.40586853027344,50.54082107543945,84.56752014160156,90.05052947998047,96.53913879394531,99.53125762939453,112.3539810180664,115.5156021118164,119.12178802490235,153.6324920654297,160.42611694335938,165.70045471191407],"ChangeViewToRobot":[32.107582092285159,48.00739669799805,54.92713928222656,86.19563293457031,91.12307739257813,98.04328918457031,109.69463348388672,113.6769027709961,118.45179748535156,119.74659729003906,159.32577514648438,162.1542205810547],"FirstButton":[],"FirstGrabbed":[122.76936340332031],"Feedback":[46.365570068359378,51.37686538696289,56.38749313354492,61.401268005371097,66.41069030761719,71.4141616821289,76.4222412109375,81.4352035522461,86.44606018066406,91.46060943603516,96.46907806396485,101.48117065429688,106.49223327636719,111.50533294677735,116.51617431640625,121.53253936767578,126.54007720947266,131.55252075195313,136.56472778320313,141.58030700683595,146.5904083251953,151.60025024414063,156.61575317382813,161.62295532226563,166.63400268554688,171.6461181640625,176.65333557128907,181.66473388671876,186.67726135253907,191.68887329101563,196.70062255859376,201.71246337890626,206.7268524169922,211.7369842529297,216.74734497070313,221.75949096679688,226.77496337890626,231.78253173828126,236.79510498046876,241.80697631835938,246.8074493408203,251.81939697265626,256.8282775878906,261.8405456542969,266.85198974609377,271.8644714355469,276.8758239746094,281.88671875,286.8999328613281,291.91094970703127,296.92218017578127],"TimeViewingPanel":[32.107582092285159,13.60152816772461,4.386318206787109,1.62811279296875,1.0725479125976563,1.504150390625,10.163375854492188,1.3229217529296876,2.9361953735351564,0.6248092651367188,5.6932830810546879,1.7281036376953126],"TimeViewingRobot":[2.2982864379882814,2.5334243774414064,29.640380859375,3.8548965454101564,5.4160614013671879,1.4879684448242188,2.6593475341796877,1.8386993408203126,0.6699905395507813,33.885894775390628,1.100341796875,3.546234130859375],"CubesInGreenBoxWhenStartedLooking":[4,5,5,5,5,5,5,5,5,5,1,1],"CubesInPinkBoxWhenStartedLooking":[1,3,4,4,4,4,4,4,4,4,2,2],"mistakesClass":[0,0,0,0,0,0,0,0,0,1,1,1],"correctClass":[0,0,0,0,0,0,0,0,0,5,5,5],"GreenBoxFilled":[46.365570068359378],"PinkBoxFilled":[],"GreenBoxEmptied":[],"PinkBoxEmptied":[]}