{"participant":"P1","scene":["Audio","Visual","Haptic"],"surveilance":"yes","startTime":0.0,"score":[],"totalButton":0,"ChangeViewToPanels":[9.395748138427735,27.703310012817384,57.21749496459961],"ChangeViewToRobot":[4.563852310180664,20.852214813232423,53.722042083740237],"FirstButton":[],"FirstGrabbed":[],"Feedback":[45.00807571411133,50.0180778503418,57.23146438598633],"TimeViewingPanel":[4.563852310180664,11.456466674804688,26.01873207092285],"TimeViewingRobot":[4.83189582824707,6.851095199584961,3.495452880859375],"CubesInGreenBoxWhenStartedLooking":[0,2,5],"CubesInPinkBoxWhenStartedLooking":[0,1,4],"mistakesClass":[0,0,0],"correctClass":[0,0,0],"GreenBoxFilled":[45.00807571411133],"PinkBoxFilled":[],"GreenBoxEmptied":[],"PinkBoxEmptied":[]}