{"participant":"P1","scene":"NoFeedback","startTime":0.0,"score":[],"totalButton":0,"ChangeViewToPanels":[58.08085250854492,60.367408752441409,92.8301773071289],"ChangeViewToRobot":[55.78446578979492,58.88768768310547,92.21758270263672],"FirstButton":[],"FirstGrabbed":[],"interpolationFeedback":[23.230501174926759,28.233989715576173,33.234622955322269,38.24031066894531,43.25208282470703,48.26384353637695,53.26480484008789,58.276206970214847,63.28731918334961,68.4761962890625,73.48858642578125,78.49488067626953,83.54761505126953,88.55278015136719,93.56287384033203,98.56403350830078,103.56440734863281,108.56451416015625,113.56488800048828,118.56502532958985,123.5659408569336,128.56785583496095,133.56936645507813,138.5699462890625,143.5704803466797,148.57232666015626,153.57275390625,158.57447814941407,163.57583618164063,168.57814025878907,173.5796356201172,178.58267211914063,183.5832061767578,188.58456420898438],"TimeViewingPanel":[-55.78446578979492,-0.8068351745605469,-31.850173950195314],"TimeViewingRobot":[-2.29638671875,-1.4797210693359376,-0.6125946044921875],"CubesInGreenBoxWhenStartedLooking":[4,4,4],"CubesInPinkBoxWhenStartedLooking":[1,1,1],"mistakesClass":[0,0,0],"correctClass":[0,0,0]}