{"participant":"P1","scene":["Audio","Visual"],"surveilance":"yes","startTime":0.0,"score":[],"totalButton":0,"ChangeViewToPanels":[69.45838928222656],"ChangeViewToRobot":[51.20627212524414],"FirstButton":[],"FirstGrabbed":[56.7359504699707],"Feedback":[43.27988815307617,48.28099822998047,53.28166198730469,58.29327392578125,63.30598449707031,68.31729888916016],"TimeViewingPanel":[51.20627212524414],"TimeViewingRobot":[18.252117156982423],"CubesInGreenBoxWhenStartedLooking":[5],"CubesInPinkBoxWhenStartedLooking":[4],"mistakesClass":[0],"correctClass":[4],"GreenBoxFilled":[43.27988815307617],"PinkBoxFilled":[],"GreenBoxEmptied":[],"PinkBoxEmptied":[]}