{"participant":"P1","scene":"NoFeedback","startTime":0.0,"score":[0],"totalButton":1,"ChangeViewToPanels":[5.410417079925537],"ChangeViewToRobot":[3.153348207473755],"FirstButton":[10.061445236206055],"FirstGrabbed":[],"interpolationFeedback":[24.843360900878908,29.844635009765626],"TimeViewingPanel":[-3.153348207473755],"TimeViewingRobot":[-2.2570688724517824],"CubesInGreenBoxWhenStartedLooking":[0],"CubesInPinkBoxWhenStartedLooking":[0],"mistakesClass":[0],"correctClass":[0]}