{"participant":"P1","scene":"NoFeedback","startTime":0.0,"score":[],"totalButton":0,"ChangeViewToPanels":[2.7334346771240236,17.200820922851564],"ChangeViewToRobot":[1.996875286102295,16.44757080078125],"FirstButton":[],"FirstGrabbed":[],"interpolationFeedback":[25.145360946655275,30.15018653869629,35.15782165527344],"TimeViewingPanel":[-1.996875286102295,-13.714136123657227],"TimeViewingRobot":[-0.7365593910217285,-0.7532501220703125],"CubesInGreenBoxWhenStartedLooking":[0,2],"CubesInPinkBoxWhenStartedLooking":[0,0],"mistakesClass":[0,0],"correctClass":[0,0]}