{"participant":"P1","scene":["Audio","Visual"],"surveilance":"yes","startTime":0.0,"score":[],"totalButton":0,"ChangeViewToPanels":[14.051990509033204,28.534257888793947,50.74775695800781,64.38247680664063],"ChangeViewToRobot":[13.608558654785157,25.593490600585939,46.0001106262207,64.20541381835938],"FirstButton":[],"FirstGrabbed":[],"Feedback":[50.76236343383789,55.76383590698242,60.77226638793945,65.78556823730469],"TimeViewingPanel":[13.608558654785157,11.541500091552735,17.465852737426759,13.457656860351563],"TimeViewingRobot":[0.4434318542480469,2.940767288208008,4.747646331787109,0.17706298828125],"CubesInGreenBoxWhenStartedLooking":[2,3,4,5],"CubesInPinkBoxWhenStartedLooking":[0,1,3,4],"mistakesClass":[0,0,0,0],"correctClass":[0,0,0,0],"GreenBoxFilled":[46.59767532348633],"PinkBoxFilled":[],"GreenBoxEmptied":[],"PinkBoxEmptied":[]}