{"participant":"P1","scene":"NoFeedback","startTime":0.0,"score":[1,2,3,4,5,6,7,8,9,9,10,11,12],"totalButton":13,"ChangeViewToPanels":[55.33866882324219],"ChangeViewToRobot":[46.08143615722656,56.021812438964847],"FirstButton":[],"FirstGrabbed":[49.284610748291019],"interpolationFeedback":[44.99515151977539,50.00636291503906,55.01952362060547],"TimeViewingPanel":[-46.08143615722656,-0.6831436157226563],"TimeViewingRobot":[-9.257232666015625],"CubesInGreenBoxWhenStartedLooking":[5,5],"CubesInPinkBoxWhenStartedLooking":[3,4],"mistakesClass":[0],"correctClass":[1]}