{"participant":"P1","scene":"Audio","startTime":5.160842418670654,"score":[1,2,3,4,5,6,7,8,9,10,11,12,13,14,15,15,16,17,18,19,19,20,20,20,20],"totalButton":25,"ChangeViewToPanels":[24.96121597290039,89.85523223876953,142.93064880371095],"ChangeViewToRobot":[16.25895118713379,70.05908966064453,109.14324951171875],"FirstButton":[26.827848434448243,92.3471450805664,144.6463165283203],"interpolationFeedback":[15.005782127380371,68.01105499267578,108.01227569580078],"TimeViewingPanel":[-16.25895118713379,-45.09787368774414,-19.28801727294922],"TimeViewingRobot":[-8.702264785766602,-19.796142578125,-33.78739929199219],"FirstGrabbed":[18.822078704833986,71.70052337646485,25.6326847076416],"CubesInGreenBoxWhenStartedLooking":[2,5,9],"CubesInPinkBoxWhenStartedLooking":[0,7,8],"mistakesClass":[0,0,0],"correctClass":[3,15,18]}